Colony,Plate,Well,LarvaeID,Type,Treatment,Day,Area.Start,Area.Finish
H1,H1aB+,A1,H1aB+A1,1,Thiacloprid,1,23.357,114.916
H1,H1aB+,B1,H1aB+B1,1,Lambda-Cyhalothrin,1,29.009,91.746
H1,H1aB+,C1,H1aB+C1,1,Glyphosate,1,28.262,123.978
H1,H1aB+,D1,H1aB+D1,1,Azoxystrobin,1,28.542,317.186
H1,H1aB+,E1,H1aB+E1,1,Acetone,1,12.099,51.806
H1,H1aB+,F1,H1aB+F1,1,1,1,21.255,232.588
H1,H1aB+,A2,H1aB+A2,1,Thiacloprid,1,36.016,166.021
H1,H1aB+,B2,H1aB+B2,1,Lambda-Cyhalothrin,1,33.213,226.935
H1,H1aB+,C2,H1aB+C2,1,Glyphosate,1,19.993,90.484
H1,H1aB+,D2,H1aB+D2,1,Azoxystrobin,1,30.177,105.059
H1,H1aB+,E2,H1aB+E2,1,Acetone,1,39.847,300.463
H1,H1aB+,F2,H1aB+F2,1,1,1,12.192,78.806
H1,H1aB+,A3,H1aB+A3,1,Thiacloprid,1,7.287,90.298
H1,H1aB+,B3,H1aB+B3,1,Lambda-Cyhalothrin,1,11.678,55.776
H1,H1aB+,C3,H1aB+C3,1,Glyphosate,1,16.957,127.762
H1,H1aB+,D3,H1aB+D3,1,Azoxystrobin,1,17.845,128.79
H1,H1aB+,E3,H1aB+E3,1,Acetone,1,28.495,137.759
H1,H1aB+,F3,H1aB+F3,1,1,1,28.636,334.003
H1,H1aB+,A4,H1aB+A4,1,Thiacloprid,1,15.369,108.469
H1,H1aB+,B4,H1aB+B4,1,Lambda-Cyhalothrin,1,12.426,116.13
H1,H1aB+,C4,H1aB+C4,1,Glyphosate,1,31.111,89.784
H1,H1aB+,D4,H1aB+D4,1,Azoxystrobin,1,19.573,86.747
H1,H1aB+,E4,H1aB+E4,1,Acetone,1,19.293,132.48
H1,H1aB+,F4,H1aB+F4,1,1,1,23.684,153.828
H1,H1aB+,A5,H1aB+A5,1,Thiacloprid,1,15.696,102.817
H1,H1aB+,B5,H1aB+B5,1,Lambda-Cyhalothrin,1,33.027,48.395
H1,H1aB+,C5,H1aB+C5,1,Glyphosate,1,35.783,62.223
H1,H1aB+,D5,H1aB+D5,1,Azoxystrobin,1,24.011,78.012
H1,H1aB+,E5,H1aB+E5,1,Acetone,1,38.072,221.657
H1,H1aB+,F5,H1aB+F5,1,1,1,22.703,268.183
H1,H1aB+,A6,H1aB+A6,1,Thiacloprid,1,22.75,88.99
H1,H1aB+,B6,H1aB+B6,1,Lambda-Cyhalothrin,1,14.808,69.697
H1,H1aB+,C6,H1aB+C6,1,Glyphosate,1,37.978,272.107
H1,H1aB+,D6,H1aB+D6,1,Azoxystrobin,1,21.628,160.415
H1,H1aB+,E6,H1aB+E6,1,Acetone,1,23.263,253.655
H1,H1aB+,F6,H1aB+F6,1,1,1,28.589,148.736
H1,H1aB+,A7,H1aB+A7,1,Thiacloprid,1,28.309,85.533
H1,H1aB+,B7,H1aB+B7,1,Lambda-Cyhalothrin,1,18.499,411.267
H1,H1aB+,C7,H1aB+C7,1,Glyphosate,1,30.084,277.479
H1,H1aB+,D7,H1aB+D7,1,Azoxystrobin,1,28.636,98.706
H1,H1aB+,E7,H1aB+E7,1,Acetone,1,35.689,288.13
H1,H1aB+,F7,H1aB+F7,1,1,1,49.844,264.026
H1,H1aB+,A8,H1aB+A8,1,Thiacloprid,1,23.263,260.102
H1,H1aB+,B8,H1aB+B8,1,Lambda-Cyhalothrin,1,25.179,105.433
H1,H1aB+,C8,H1aB+C8,1,Glyphosate,1,29.85,105.48
H1,H1aB+,D8,H1aB+D8,1,Azoxystrobin,1,28.309,48.162
H1,H1aB+,E8,H1aB+E8,1,Acetone,1,26.58,153.688
H1,H1aB+,F8,H1aB+F8,1,1,1,11.819,392.115
H1,H1aB-,A1,H1aB-A1,0,Thiacloprid,1,4.718,101.696
H1,H1aB-,B1,H1aB-B1,0,Lambda-Cyhalothrin,1,32.7,189.938
H1,H1aB-,C1,H1aB-C1,0,Glyphosate,1,12.099,64.231
H1,H1aB-,D1,H1aB-D1,0,Azoxystrobin,1,38.352,174.336
H1,H1aB-,E1,H1aB-E1,0,Acetone,1,8.362,240.809
H1,H1aB-,F1,H1aB-F1,0,1,1,20.18,320.129
H1,H1aB-,A2,H1aB-A2,0,Thiacloprid,1,13.36,65.306
H1,H1aB-,B2,H1aB-B2,0,Lambda-Cyhalothrin,1,13.967,78.993
H1,H1aB-,C2,H1aB-C2,0,Glyphosate,1,33.961,107.909
H1,H1aB-,D2,H1aB-D2,0,Azoxystrobin,1,11.725,95.389
H1,H1aB-,E2,H1aB-E2,0,Acetone,1,20.134,111.692
H1,H1aB-,F2,H1aB-F2,0,1,1,5.139,176.064
H1,H1aB-,A3,H1aB-A3,0,Thiacloprid,1,33.027,134.722
H1,H1aB-,B3,H1aB-B3,0,Lambda-Cyhalothrin,1,29.897,101.929
H1,H1aB-,C3,H1aB-C3,0,Glyphosate,1,39.426,107.815
H1,H1aB-,D3,H1aB-D3,0,Azoxystrobin,1,20.32,86.794
H1,H1aB-,E3,H1aB-E3,0,Acetone,1,6.727,97.678
H1,H1aB-,F3,H1aB-F3,0,1,1,5.792,48.722
H1,H1aB-,A4,H1aB-A4,0,Thiacloprid,1,2.429,97.305
H1,H1aB-,B4,H1aB-B4,0,Lambda-Cyhalothrin,1,6.727,97.398
H1,H1aB-,C4,H1aB-C4,0,Glyphosate,1,2.476,67.221
H1,H1aB-,D4,H1aB-D4,0,Azoxystrobin,1,22.002,63.904
H1,H1aB-,E4,H1aB-E4,0,Acetone,1,7.147,126.547
H1,H1aB-,F4,H1aB-F4,0,1,1,4.952,101.742
H1,H1aB-,A5,H1aB-A5,0,Thiacloprid,1,6.68,85.299
H1,H1aB-,B5,H1aB-B5,0,Lambda-Cyhalothrin,1,4.858,68.389
H1,H1aB-,C5,H1aB-C5,0,Glyphosate,1,7.988,65.352
H1,H1aB-,D5,H1aB-D5,0,Azoxystrobin,1,3.177,62.877
H1,H1aB-,E5,H1aB-E5,0,Acetone,1,3.55,69.417
H1,H1aB-,F5,H1aB-F5,0,1,1,2.055,57.505
H1,H1aB-,A6,H1aB-A6,0,Thiacloprid,1,23.684,192.647
H1,H1aB-,B6,H1aB-B6,0,Lambda-Cyhalothrin,1,4.812,102.817
H1,H1aB-,C6,H1aB-C6,0,Glyphosate,1,3.69,47.414
H1,H1aB-,D6,H1aB-D6,0,Azoxystrobin,1,4.064,62.269
H1,H1aB-,E6,H1aB-E6,0,Acetone,1,3.223,78.899
H1,H1aB-,F6,H1aB-F6,0,1,1,48.629,340.917
H1,H1aB-,A7,H1aB-A7,0,Thiacloprid,1,4.298,94.502
H1,H1aB-,B7,H1aB-B7,0,Lambda-Cyhalothrin,1,3.971,78.432
H1,H1aB-,C7,H1aB-C7,0,Glyphosate,1,1.682,60.494
H1,H1aB-,D7,H1aB-D7,0,Azoxystrobin,1,3.877,87.214
H1,H1aB-,E7,H1aB-E7,0,Acetone,1,0.934,86.374
H1,H1aB-,F7,H1aB-F7,0,1,1,11.772,426.263
H1,H1aB-,A8,H1aB-A8,0,Thiacloprid,1,1.215,60.821
H1,H1aB-,B8,H1aB-B8,0,Lambda-Cyhalothrin,1,12.893,78.199
H1,H1aB-,C8,H1aB-C8,0,Glyphosate,1,2.85,76.33
H1,H1aB-,D8,H1aB-D8,0,Azoxystrobin,1,3.55,107.301
H1,H1aB-,E8,H1aB-E8,0,Acetone,1,1.588,128.369
H1,H1aB-,F8,H1aB-F8,0,1,1,7.848,247.443
H1,H1bB+,A1,H1bB+A1,1,Thiacloprid,1,10.37,75.489
H1,H1bB+,B1,H1bB+B1,1,Lambda-Cyhalothrin,1,12.099,141.683
H1,H1bB+,C1,H1bB+C1,1,Glyphosate,1,41.669,453.31
H1,H1bB+,D1,H1bB+D1,1,Azoxystrobin,1,14.014,155.136
H1,H1bB+,E1,H1bB+E1,1,Acetone,1,14.528,124.072
H1,H1bB+,F1,H1bB+F1,1,1,1,8.455,433.97
H1,H1bB+,A2,H1bB+A2,1,Thiacloprid,1,19.246,209.324
H1,H1bB+,B2,H1bB+B2,1,Lambda-Cyhalothrin,1,29.943,114.449
H1,H1bB+,C2,H1bB+C2,1,Glyphosate,1,18.685,211.613
H1,H1bB+,D2,H1bB+D2,1,Azoxystrobin,1,17.938,127.248
H1,H1bB+,E2,H1bB+E2,1,Acetone,1,14.528,209.091
H1,H1bB+,F2,H1bB+F2,1,1,1,12.052,173.635
H1,H1bB+,A3,H1bB+A3,1,Thiacloprid,1,16.397,150.885
H1,H1bB+,B3,H1bB+B3,1,Lambda-Cyhalothrin,1,22.89,100.528
H1,H1bB+,C3,H1bB+C3,1,Glyphosate,1,20.507,124.632
H1,H1bB+,D3,H1bB+D3,1,Azoxystrobin,1,17.377,90.017
H1,H1bB+,E3,H1bB+E3,1,Acetone,1,13.36,46.106
H1,H1bB+,F3,H1bB+F3,1,1,1,10.838,112.206
H1,H1bB+,A4,H1bB+A4,1,Thiacloprid,1,15.369,209.651
H1,H1bB+,B4,H1bB+B4,1,Lambda-Cyhalothrin,1,24.805,128.089
H1,H1bB+,C4,H1bB+C4,1,Glyphosate,1,20.274,90.765
H1,H1bB+,D4,H1bB+D4,1,Azoxystrobin,1,19.199,140.328
H1,H1bB+,E4,H1bB+E4,1,Acetone,1,18.639,92.867
H1,H1bB+,F4,H1bB+F4,1,1,1,6.914,144.812
H1,H1bB+,A5,H1bB+A5,1,Thiacloprid,1,24.525,162.05
H1,H1bB+,B5,H1bB+B5,1,Lambda-Cyhalothrin,1,22.329,136.591
H1,H1bB+,C5,H1bB+C5,1,Glyphosate,1,19.48,73.2
H1,H1bB+,D5,H1bB+D5,1,Azoxystrobin,1,15.836,145.186
H1,H1bB+,E5,H1bB+E5,1,Acetone,1,18.639,119.26
H1,H1bB+,F5,H1bB+F5,1,1,1,19.526,310.272
H1,H1bB+,A6,H1bB+A6,1,Thiacloprid,1,19.153,112.58
H1,H1bB+,B6,H1bB+B6,1,Lambda-Cyhalothrin,1,21.255,110.057
H1,H1bB+,C6,H1bB+C6,1,Glyphosate,1,32.513,65.586
H1,H1bB+,D6,H1bB+D6,1,Azoxystrobin,1,25.973,111.272
H1,H1bB+,E6,H1bB+E6,1,Acetone,1,15.743,93.474
H1,H1bB+,F6,H1bB+F6,1,1,1,24.244,192.32
H1,H1bB+,A7,H1bB+A7,1,Thiacloprid,1,13.547,33.681
H1,H1bB+,B7,H1bB+B7,1,Lambda-Cyhalothrin,1,17.891,54.562
H1,H1bB+,C7,H1bB+C7,1,Glyphosate,1,35.175,127.435
H1,H1bB+,D7,H1bB+D7,1,Azoxystrobin,1,13.033,120.241
H1,H1bB+,E7,H1bB+E7,1,Acetone,1,16.817,45.266
H1,H1bB+,F7,H1bB+F7,1,1,1,22.282,299.155
H1,H1bB+,A8,H1bB+A8,1,Thiacloprid,1,19.153,139.861
H1,H1bB+,B8,H1bB+B8,1,Lambda-Cyhalothrin,1,15.649,43.304
H1,H1bB+,C8,H1bB+C8,1,Glyphosate,1,34.942,178.68
H1,H1bB+,D8,H1bB+D8,1,Azoxystrobin,1,12.239,81.656
H1,H1bB+,E8,H1bB+E8,1,Acetone,1,13.734,135.47
H1,H1bB+,F8,H1bB+F8,1,1,1,8.035,391.975
H1,H1bB-,A1,H1bB-A1,0,Thiacloprid,1,2.523,64.465
H1,H1bB-,B1,H1bB-B1,0,Lambda-Cyhalothrin,1,1.261,70.631
H1,H1bB-,C1,H1bB-C1,0,Glyphosate,1,13.173,37.371
H1,H1bB-,D1,H1bB-D1,0,Azoxystrobin,1,6.587,184.706
H1,H1bB-,E1,H1bB-E1,0,Acetone,1,8.408,190.265
H1,H1bB-,F1,H1bB-F1,0,1,1,17.471,48.582
H1,H1bB-,A2,H1bB-A2,0,Thiacloprid,1,19.48,172.654
H1,H1bB-,B2,H1bB-B2,0,Lambda-Cyhalothrin,1,28.168,172.654
H1,H1bB-,C2,H1bB-C2,0,Glyphosate,1,7.287,179.334
H1,H1bB-,D2,H1bB-D2,0,Azoxystrobin,1,7.661,17.985
H1,H1bB-,E2,H1bB-E2,0,Acetone,1,14.762,53.767
H1,H1bB-,F2,H1bB-F2,0,1,1,40.781,197.879
H1,H1bB-,A3,H1bB-A3,0,Thiacloprid,1,12.706,26.72
H1,H1bB-,B3,H1bB-B3,0,Lambda-Cyhalothrin,1,16.957,40.688
H1,H1bB-,C3,H1bB-C3,0,Glyphosate,1,6.914,55.963
H1,H1bB-,D3,H1bB-D3,0,Azoxystrobin,1,4.158,61.475
H1,H1bB-,E3,H1bB-E3,0,Acetone,1,8.455,24.431
H1,H1bB-,F3,H1bB-F3,0,1,1,8.735,13.033
H1,H1bB-,A4,H1bB-A4,0,Thiacloprid,1,6.166,62.596
H1,H1bB-,B4,H1bB-B4,0,Lambda-Cyhalothrin,1,16.256,81.515
H1,H1bB-,C4,H1bB-C4,0,Glyphosate,1,1.915,77.918
H1,H1bB-,D4,H1bB-D4,0,Azoxystrobin,1,2.242,66.66
H1,H1bB-,E4,H1bB-E4,0,Acetone,1,2.382,32.84
H1,H1bB-,F4,H1bB-F4,0,1,1,22.049,143.598
H1,H1bB-,A5,H1bB-A5,0,Thiacloprid,1,5.559,63.437
H1,H1bB-,B5,H1bB-B5,0,Lambda-Cyhalothrin,1,5.933,42.276
H1,H1bB-,C5,H1bB-C5,0,Glyphosate,1,4.064,79.133
H1,H1bB-,D5,H1bB-D5,0,Azoxystrobin,1,2.896,83.571
H1,H1bB-,E5,H1bB-E5,0,Acetone,1,3.223,47.461
H1,H1bB-,F5,H1bB-F5,0,1,1,4.391,61.756
H1,H1bB-,A6,H1bB-A6,0,Thiacloprid,1,5.512,30.551
H1,H1bB-,B6,H1bB-B6,0,Lambda-Cyhalothrin,1,5.232,52.646
H1,H1bB-,C6,H1bB-C6,0,Glyphosate,1,19.807,91.419
H1,H1bB-,D6,H1bB-D6,0,Azoxystrobin,1,19.106,42.276
H1,H1bB-,E6,H1bB-E6,0,Acetone,1,21.255,37.885
H1,H1bB-,F6,H1bB-F6,0,1,1,19.76,390.386
H1,H1bB-,A7,H1bB-A7,0,Thiacloprid,1,6.213,7.614
H1,H1bB-,B7,H1bB-B7,0,Lambda-Cyhalothrin,1,11.071,18.592
H1,H1bB-,C7,H1bB-C7,0,Glyphosate,1,2.196,6.446
H1,H1bB-,D7,H1bB-D7,0,Azoxystrobin,1,2.943,48.115
H1,H1bB-,E7,H1bB-E7,0,Acetone,1,2.102,55.87
H1,H1bB-,F7,H1bB-F7,0,1,1,7.708,38.072
H1,H1bB-,A8,H1bB-A8,0,Thiacloprid,1,7.334,55.449
H1,H1bB-,B8,H1bB-B8,0,Lambda-Cyhalothrin,1,6.493,13.173
H1,H1bB-,C8,H1bB-C8,0,Glyphosate,1,22.096,24.104
H1,H1bB-,D8,H1bB-D8,0,Azoxystrobin,1,12.426,14.575
H1,H1bB-,E8,H1bB-E8,0,Acetone,1,30.504,30.878
H1,H1bB-,F8,H1bB-F8,0,1,1,21.628,56.804
H2,H2aB+,A1,H2aB+A1,1,Thiacloprid,1,8.035,105.153
H2,H2aB+,B1,H2aB+B1,1,Lambda-Cyhalothrin,1,12.052,52.413
H2,H2aB+,C1,H2aB+C1,1,Glyphosate,1,15.369,95.483
H2,H2aB+,D1,H2aB+D1,1,Azoxystrobin,1,4.298,67.828
H2,H2aB+,E1,H2aB+E1,1,Acetone,1,14.481,116.878
H2,H2aB+,F1,H2aB+F1,1,1,1,2.102,73.995
H2,H2aB+,A2,H2aB+A2,1,Thiacloprid,1,5.466,34.942
H2,H2aB+,B2,H2aB+B2,1,Lambda-Cyhalothrin,1,3.27,20.18
H2,H2aB+,C2,H2aB+C2,1,Glyphosate,1,25.552,127.902
H2,H2aB+,D2,H2aB+D2,1,Azoxystrobin,1,8.735,96.884
H2,H2aB+,E2,H2aB+E2,1,Acetone,1,11.351,79.927
H2,H2aB+,F2,H2aB+F2,1,1,1,4.998,129.397
H2,H2aB+,A3,H2aB+A3,1,Thiacloprid,1,2.476,84.879
H2,H2aB+,B3,H2aB+B3,1,Lambda-Cyhalothrin,1,7.521,39.8
H2,H2aB+,C3,H2aB+C3,1,Glyphosate,1,12.332,63.764
H2,H2aB+,D3,H2aB+D3,1,Azoxystrobin,1,12.613,17.377
H2,H2aB+,E3,H2aB+E3,1,Acetone,1,32.373,179.614
H2,H2aB+,F3,H2aB+F3,1,1,1,9.483,193.348
H2,H2aB+,A4,H2aB+A4,1,Thiacloprid,1,11.024,55.589
H2,H2aB+,B4,H2aB+B4,1,Lambda-Cyhalothrin,1,37.137,207.129
H2,H2aB+,C4,H2aB+C4,1,Glyphosate,1,4.671,5.652
H2,H2aB+,D4,H2aB+D4,1,Azoxystrobin,1,4.064,87.028
H2,H2aB+,E4,H2aB+E4,1,Acetone,1,8.969,66.847
H2,H2aB+,F4,H2aB+F4,1,1,1,4.064,44.658
H2,H2aB+,A5,H2aB+A5,1,Thiacloprid,1,36.063,281.824
H2,H2aB+,B5,H2aB+B5,1,Lambda-Cyhalothrin,1,45.172,167.282
H2,H2aB+,C5,H2aB+C5,1,Glyphosate,1,9.483,26.58
H2,H2aB+,D5,H2aB+D5,1,Azoxystrobin,1,6.914,171.486
H2,H2aB+,E5,H2aB+E5,1,Acetone,1,11.258,30.084
H2,H2aB+,F5,H2aB+F5,1,1,1,7.241,20.974
H2,H2aB+,A6,H2aB+A6,1,Thiacloprid,1,8.922,82.169
H2,H2aB+,B6,H2aB+B6,1,Lambda-Cyhalothrin,1,16.303,99.874
H2,H2aB+,C6,H2aB+C6,1,Glyphosate,1,26.347,40.501
H2,H2aB+,D6,H2aB+D6,1,Azoxystrobin,1,20.507,73.387
H2,H2aB+,E6,H2aB+E6,1,Acetone,1,46.106,336.899
H2,H2aB+,F6,H2aB+F6,1,1,1,4.765,63.484
H2,H2aB+,A7,H2aB+A7,1,Thiacloprid,1,4.578,40.174
H2,H2aB+,B7,H2aB+B7,1,Lambda-Cyhalothrin,1,17.518,72.36
H2,H2aB+,C7,H2aB+C7,1,Glyphosate,1,3.831,113.935
H2,H2aB+,D7,H2aB+D7,1,Azoxystrobin,1,12.846,107.115
H2,H2aB+,E7,H2aB+E7,1,Acetone,1,21.208,205.12
H2,H2aB+,F7,H2aB+F7,1,1,1,4.858,168.636
H2,H2aB+,A8,H2aB+A8,1,Thiacloprid,1,21.769,90.998
H2,H2aB+,B8,H2aB+B8,1,Lambda-Cyhalothrin,1,11.538,68.249
H2,H2aB+,C8,H2aB+C8,1,Glyphosate,1,5.606,178.493
H2,H2aB+,D8,H2aB+D8,1,Azoxystrobin,1,6.213,143.785
H2,H2aB+,E8,H2aB+E8,1,Acetone,1,5.792,142.944
H2,H2aB+,F8,H2aB+F8,1,1,1,11.585,162.984
H2,H2aB-,A1,H2aB-A1,0,Thiacloprid,1,5.559,78.386
H2,H2aB-,B1,H2aB-B1,0,Lambda-Cyhalothrin,1,13.267,208.25
H2,H2aB-,C1,H2aB-C1,0,Glyphosate,1,39.006,119.727
H2,H2aB-,D1,H2aB-D1,0,Azoxystrobin,1,38.913,239.688
H2,H2aB-,E1,H2aB-E1,0,Acetone,1,31.905,102.723
H2,H2aB-,F1,H2aB-F1,0,1,1,31.672,328.211
H2,H2aB-,A2,H2aB-A2,0,Thiacloprid,1,10.838,93.614
H2,H2aB-,B2,H2aB-B2,0,Lambda-Cyhalothrin,1,36.67,109.077
H2,H2aB-,C2,H2aB-C2,0,Glyphosate,1,15.696,57.738
H2,H2aB-,D2,H2aB-D2,0,Azoxystrobin,1,48.536,147.101
H2,H2aB-,E2,H2aB-E2,0,Acetone,1,50.217,128.603
H2,H2aB-,F2,H2aB-F2,0,1,1,33.867,63.951
H2,H2aB-,A3,H2aB-A3,0,Thiacloprid,1,8.689,11.211
H2,H2aB-,B3,H2aB-B3,0,Lambda-Cyhalothrin,1,11.725,99.78
H2,H2aB-,C3,H2aB-C3,0,Glyphosate,1,19.059,122.437
H2,H2aB-,D3,H2aB-D3,0,Azoxystrobin,1,16.116,69.93
H2,H2aB-,E3,H2aB-E3,0,Acetone,1,12.332,55.87
H2,H2aB-,F3,H2aB-F3,0,1,1,57.271,304.013
H2,H2aB-,A4,H2aB-A4,0,Thiacloprid,1,5.652,77.405
H2,H2aB-,B4,H2aB-B4,0,Lambda-Cyhalothrin,1,36.25,103.891
H2,H2aB-,C4,H2aB-C4,0,Glyphosate,1,5.839,45.359
H2,H2aB-,D4,H2aB-D4,0,Azoxystrobin,1,32.466,74.649
H2,H2aB-,E4,H2aB-E4,0,Acetone,1,39.707,95.483
H2,H2aB-,F4,H2aB-F4,0,1,1,7.895,71.659
H2,H2aB-,A5,H2aB-A5,0,Thiacloprid,1,13.36,130.565
H2,H2aB-,B5,H2aB-B5,0,Lambda-Cyhalothrin,1,21.675,55.776
H2,H2aB-,C5,H2aB-C5,0,Glyphosate,1,8.876,157.565
H2,H2aB-,D5,H2aB-D5,0,Azoxystrobin,1,40.08,141.029
H2,H2aB-,E5,H2aB-E5,0,Acetone,1,3.924,63.25
H2,H2aB-,F5,H2aB-F5,0,1,1,38.632,390.106
H2,H2aB-,A6,H2aB-A6,0,Thiacloprid,1,13.687,74.695
H2,H2aB-,B6,H2aB-B6,0,Lambda-Cyhalothrin,1,45.452,266.175
H2,H2aB-,C6,H2aB-C6,0,Glyphosate,1,35.409,129.537
H2,H2aB-,D6,H2aB-D6,0,Azoxystrobin,1,38.305,96.838
H2,H2aB-,E6,H2aB-E6,0,Acetone,1,10.464,65.773
H2,H2aB-,F6,H2aB-F6,0,1,1,6.166,144.345
H2,H2aB-,A7,H2aB-A7,0,Thiacloprid,1,10.37,106.694
H2,H2aB-,B7,H2aB-B7,0,Lambda-Cyhalothrin,1,21.208,128.229
H2,H2aB-,C7,H2aB-C7,0,Glyphosate,1,38.819,182.23
H2,H2aB-,D7,H2aB-D7,0,Azoxystrobin,1,6.446,53.394
H2,H2aB-,E7,H2aB-E7,0,Acetone,1,4.438,59.28
H2,H2aB-,F7,H2aB-F7,0,1,1,38.866,259.868
H2,H2aB-,A8,H2aB-A8,0,Thiacloprid,1,9.436,91.746
H2,H2aB-,B8,H2aB-B8,0,Lambda-Cyhalothrin,1,3.223,133.835
H2,H2aB-,C8,H2aB-C8,0,Glyphosate,1,12.706,62.176
H2,H2aB-,D8,H2aB-D8,0,Azoxystrobin,1,1.822,70.211
H2,H2aB-,E8,H2aB-E8,0,Acetone,1,30.831,163.685
H2,H2aB-,F8,H2aB-F8,0,1,1,1.635,262.998
H2,H2bB+,A1,H2bB+A1,1,Thiacloprid,1,7.895,170.832
H2,H2bB+,B1,H2bB+B1,1,Lambda-Cyhalothrin,1,3.877,342.084
H2,H2bB+,C1,H2bB+C1,1,Glyphosate,1,6.914,82.73
H2,H2bB+,D1,H2bB+D1,1,Azoxystrobin,1,5.699,116.177
H2,H2bB+,E1,H2bB+E1,1,Acetone,1,5.372,81.656
H2,H2bB+,F1,H2bB+F1,1,1,1,21.115,235.017
H2,H2bB+,A2,H2bB+A2,1,Thiacloprid,1,5.839,78.993
H2,H2bB+,B2,H2bB+B2,1,Lambda-Cyhalothrin,1,23.404,37.838
H2,H2bB+,C2,H2bB+C2,1,Glyphosate,1,10.37,82.263
H2,H2bB+,D2,H2bB+D2,1,Azoxystrobin,1,3.317,33.681
H2,H2bB+,E2,H2bB+E2,1,Acetone,1,10.557,27.701
H2,H2bB+,F2,H2bB+F2,1,1,1,5.746,66.894
H2,H2bB+,A3,H2bB+A3,1,Thiacloprid,1,10.464,63.531
H2,H2bB+,B3,H2bB+B3,1,Lambda-Cyhalothrin,1,6.026,181.95
H2,H2bB+,C3,H2bB+C3,1,Glyphosate,1,20.274,85.673
H2,H2bB+,D3,H2bB+D3,1,Azoxystrobin,1,7.941,86.42
H2,H2bB+,E3,H2bB+E3,1,Acetone,1,4.204,46.527
H2,H2bB+,F3,H2bB+F3,1,1,1,13.781,115.897
H2,H2bB+,A4,H2bB+A4,1,Thiacloprid,1,7.287,83.618
H2,H2bB+,B4,H2bB+B4,1,Lambda-Cyhalothrin,1,12.8,135.376
H2,H2bB+,C4,H2bB+C4,1,Glyphosate,1,2.382,48.068
H2,H2bB+,D4,H2bB+D4,1,Azoxystrobin,1,31.298,78.899
H2,H2bB+,E4,H2bB+E4,1,Acetone,1,4.017,61.662
H2,H2bB+,F4,H2bB+F4,1,1,1,12.192,81.515
H2,H2bB+,A5,H2bB+A5,1,Thiacloprid,1,4.298,29.57
H2,H2bB+,B5,H2bB+B5,1,Lambda-Cyhalothrin,1,7.568,133.741
H2,H2bB+,C5,H2bB+C5,1,Glyphosate,1,3.55,44.471
H2,H2bB+,D5,H2bB+D5,1,Azoxystrobin,1,28.916,92.82
H2,H2bB+,E5,H2bB+E5,1,Acetone,1,6.54,165.086
H2,H2bB+,F5,H2bB+F5,1,1,1,18.405,291.587
H2,H2bB+,A6,H2bB+A6,1,Thiacloprid,1,15.229,97.305
H2,H2bB+,B6,H2bB+B6,1,Lambda-Cyhalothrin,1,2.943,21.628
H2,H2bB+,C6,H2bB+C6,1,Glyphosate,1,34.008,167.562
H2,H2bB+,D6,H2bB+D6,1,Azoxystrobin,1,5.092,75.116
H2,H2bB+,E6,H2bB+E6,1,Acetone,1,7.427,101.322
H2,H2bB+,F6,H2bB+F6,1,1,1,5.933,33.961
H2,H2bB+,A7,H2bB+A7,1,Thiacloprid,1,9.997,10.1
H2,H2bB+,B7,H2bB+B7,1,Lambda-Cyhalothrin,1,3.457,31.158
H2,H2bB+,C7,H2bB+C7,1,Glyphosate,1,4.671,14.715
H2,H2bB+,D7,H2bB+D7,1,Azoxystrobin,1,9.062,30.597
H2,H2bB+,E7,H2bB+E7,1,Acetone,1,5.839,65.446
H2,H2bB+,F7,H2bB+F7,1,1,1,7.381,102.21
H2,H2bB+,A8,H2bB+A8,1,Thiacloprid,1,3.363,155.37
H2,H2bB+,B8,H2bB+B8,1,Lambda-Cyhalothrin,1,23.497,128.042
H2,H2bB+,C8,H2bB+C8,1,Glyphosate,1,29.897,103.284
H2,H2bB+,D8,H2bB+D8,1,Azoxystrobin,1,5.746,49.797
H2,H2bB+,E8,H2bB+E8,1,Acetone,1,16.397,108.282
H2,H2bB+,F8,H2bB+F8,1,1,1,3.504,4.7
H2,H2bB-,A1,H2bB-A1,0,Thiacloprid,1,15.929,154.949
H2,H2bB-,B1,H2bB-B1,0,Lambda-Cyhalothrin,1,17.004,81.469
H2,H2bB-,C1,H2bB-C1,0,Glyphosate,1,5.979,53.394
H2,H2bB-,D1,H2bB-D1,0,Azoxystrobin,1,5.792,94.175
H2,H2bB-,E1,H2bB-E1,0,Acetone,1,10.137,71.098
H2,H2bB-,F1,H2bB-F1,0,1,1,5.185,179.007
H2,H2bB-,A2,H2bB-A2,0,Thiacloprid,1,10.651,91.839
H2,H2bB-,B2,H2bB-B2,0,Lambda-Cyhalothrin,1,10.884,114.308
H2,H2bB-,C2,H2bB-C2,0,Glyphosate,1,9.903,229.551
H2,H2bB-,D2,H2bB-D2,0,Azoxystrobin,1,7.381,8.268
H2,H2bB-,E2,H2bB-E2,0,Acetone,1,14.668,76.19
H2,H2bB-,F2,H2bB-F2,0,1,1,14.014,181.483
H2,H2bB-,A3,H2bB-A3,0,Thiacloprid,1,14.621,180.455
H2,H2bB-,B3,H2bB-B3,0,Lambda-Cyhalothrin,1,12.893,75.536
H2,H2bB-,C3,H2bB-C3,0,Glyphosate,1,3.317,28.729
H2,H2bB-,D3,H2bB-D3,0,Azoxystrobin,1,0.934,28.075
H2,H2bB-,E3,H2bB-E3,0,Acetone,1,22.096,109.03
H2,H2bB-,F3,H2bB-F3,0,1,1,28.215,172.794
H2,H2bB-,A4,H2bB-A4,0,Thiacloprid,1,25.973,252.768
H2,H2bB-,B4,H2bB-B4,0,Lambda-Cyhalothrin,1,29.009,281.871
H2,H2bB-,C4,H2bB-C4,0,Glyphosate,1,3.877,101.415
H2,H2bB-,D4,H2bB-D4,0,Azoxystrobin,1,8.128,121.082
H2,H2bB-,E4,H2bB-E4,0,Acetone,1,2.663,93.848
H2,H2bB-,F4,H2bB-F4,0,1,1,7.661,61.382
H2,H2bB-,A5,H2bB-A5,0,Thiacloprid,1,28.822,149.39
H2,H2bB-,B5,H2bB-B5,0,Lambda-Cyhalothrin,1,29.897,63.998
H2,H2bB-,C5,H2bB-C5,0,Glyphosate,1,8.175,183.445
H2,H2bB-,D5,H2bB-D5,0,Azoxystrobin,1,2.569,84.505
H2,H2bB-,E5,H2bB-E5,0,Acetone,1,7.147,97.912
H2,H2bB-,F5,H2bB-F5,0,1,1,7.521,420.704
H2,H2bB-,A6,H2bB-A6,0,Thiacloprid,1,16.443,66.52
H2,H2bB-,B6,H2bB-B6,0,Lambda-Cyhalothrin,1,5.139,84.178
H2,H2bB-,C6,H2bB-C6,0,Glyphosate,1,6.073,201.056
H2,H2bB-,D6,H2bB-D6,0,Azoxystrobin,1,2.663,92.54
H2,H2bB-,E6,H2bB-E6,0,Acetone,1,5.325,58.439
H2,H2bB-,F6,H2bB-F6,0,1,1,6.026,56.056
H2,H2bB-,A7,H2bB-A7,0,Thiacloprid,1,5.652,118.092
H2,H2bB-,B7,H2bB-B7,0,Lambda-Cyhalothrin,1,6.446,180.642
H2,H2bB-,C7,H2bB-C7,0,Glyphosate,1,1.869,107.488
H2,H2bB-,D7,H2bB-D7,0,Azoxystrobin,1,9.95,179.1
H2,H2bB-,E7,H2bB-E7,0,Acetone,1,5.559,71.285
H2,H2bB-,F7,H2bB-F7,0,1,1,8.922,182.417
H2,H2bB-,A8,H2bB-A8,0,Thiacloprid,1,10.744,174.336
H2,H2bB-,B8,H2bB-B8,0,Lambda-Cyhalothrin,1,12.426,103.891
H2,H2bB-,C8,H2bB-C8,0,Glyphosate,1,7.614,151.679
H2,H2bB-,D8,H2bB-D8,0,Azoxystrobin,1,23.964,29.803
H2,H2bB-,E8,H2bB-E8,0,Acetone,1,26.253,169.431
H2,H2bB-,F8,H2bB-F8,0,1,1,9.53,122.063
H3,H3aB+,A1,H3aB+A1,1,Thiacloprid,1,22.423,81.796
H3,H3aB+,B1,H3aB+B1,1,Lambda-Cyhalothrin,1,9.436,52.973
H3,H3aB+,C1,H3aB+C1,1,Glyphosate,1,16.397,63.437
H3,H3aB+,D1,H3aB+D1,1,Azoxystrobin,1,19.713,88.195
H3,H3aB+,E1,H3aB+E1,1,Acetone,1,30.504,69.603
H3,H3aB+,F1,H3aB+F1,1,1,1,28.962,143.925
H3,H3aB+,A2,H3aB+A2,1,Thiacloprid,1,2.149,134.162
H3,H3aB+,B2,H3aB+B2,1,Lambda-Cyhalothrin,1,10.651,161.349
H3,H3aB+,C2,H3aB+C2,1,Glyphosate,1,7.941,33.4
H3,H3aB+,D2,H3aB+D2,1,Azoxystrobin,1,16.397,64.185
H3,H3aB+,E2,H3aB+E2,1,Acetone,1,24.898,85.907
H3,H3aB+,F2,H3aB+F2,1,1,1,28.542,190.545
H3,H3aB+,A3,H3aB+A3,1,Thiacloprid,1,22.89,94.689
H3,H3aB+,B3,H3aB+B3,1,Lambda-Cyhalothrin,1,25.833,144.672
H3,H3aB+,C3,H3aB+C3,1,Glyphosate,1,11.959,56.197
H3,H3aB+,D3,H3aB+D3,1,Azoxystrobin,1,13.407,159.667
H3,H3aB+,E3,H3aB+E3,1,Acetone,1,30.831,50.544
H3,H3aB+,F3,H3aB+F3,1,1,1,9.763,56.337
H3,H3aB+,A4,H3aB+A4,1,Thiacloprid,1,9.576,56.337
H3,H3aB+,B4,H3aB+B4,1,Lambda-Cyhalothrin,1,22.983,81.656
H3,H3aB+,C4,H3aB+C4,1,Glyphosate,1,32.84,90.765
H3,H3aB+,D4,H3aB+D4,1,Azoxystrobin,1,18.639,48.582
H3,H3aB+,E4,H3aB+E4,1,Acetone,1,14.855,173.682
H3,H3aB+,F4,H3aB+F4,1,1,1,8.549,277.479
H3,H3aB+,A5,H3aB+A5,1,Thiacloprid,1,20.227,72.546
H3,H3aB+,B5,H3aB+B5,1,Lambda-Cyhalothrin,1,45.873,99.407
H3,H3aB+,C5,H3aB+C5,1,Glyphosate,1,13.967,80.161
H3,H3aB+,D5,H3aB+D5,1,Azoxystrobin,1,27.141,86.887
H3,H3aB+,E5,H3aB+E5,1,Acetone,1,28.495,108.516
H3,H3aB+,F5,H3aB+F5,1,1,1,18.125,154.763
H3,H3aB+,A6,H3aB+A6,1,Thiacloprid,1,50.264,251.46
H3,H3aB+,B6,H3aB+B6,1,Lambda-Cyhalothrin,1,35.035,133.461
H3,H3aB+,C6,H3aB+C6,1,Glyphosate,1,17.658,79.46
H3,H3aB+,D6,H3aB+D6,1,Azoxystrobin,1,58.486,122.904
H3,H3aB+,E6,H3aB+E6,1,Acetone,1,14.762,55.963
H3,H3aB+,F6,H3aB+F6,1,1,1,39.286,192.04
H3,H3aB+,A7,H3aB+A7,1,Thiacloprid,1,26.3,39.94
H3,H3aB+,B7,H3aB+B7,1,Lambda-Cyhalothrin,1,45.266,91.045
H3,H3aB+,C7,H3aB+C7,1,Glyphosate,1,44.518,223.385
H3,H3aB+,D7,H3aB+D7,1,Azoxystrobin,1,18.405,113.748
H3,H3aB+,E7,H3aB+E7,1,Acetone,1,24.244,90.391
H3,H3aB+,F7,H3aB+F7,1,1,1,22.236,97.819
H3,H3aB+,A8,H3aB+A8,1,Thiacloprid,1,19.713,84.085
H3,H3aB+,B8,H3aB+B8,1,Lambda-Cyhalothrin,1,47.975,133.554
H3,H3aB+,C8,H3aB+C8,1,Glyphosate,1,23.917,102.163
H3,H3aB+,D8,H3aB+D8,1,Azoxystrobin,1,30.037,30.2
H3,H3aB+,E8,H3aB+E8,1,Acetone,1,20.554,101.976
H3,H3aB+,F8,H3aB+F8,1,1,1,51.665,178.96
H3,H3aB-,A1,H3aB-A1,0,Thiacloprid,1,16.63,116.037
H3,H3aB-,B1,H3aB-B1,0,Lambda-Cyhalothrin,1,19.293,70.678
H3,H3aB-,C1,H3aB-C1,0,Glyphosate,1,16.163,76.61
H3,H3aB-,D1,H3aB-D1,0,Azoxystrobin,1,4.344,37.838
H3,H3aB-,E1,H3aB-E1,0,Acetone,1,17.798,94.642
H3,H3aB-,F1,H3aB-F1,0,1,1,2.009,349.419
H3,H3aB-,A2,H3aB-A2,0,Thiacloprid,1,31.065,140.328
H3,H3aB-,B2,H3aB-B2,0,Lambda-Cyhalothrin,1,6.96,84.085
H3,H3aB-,C2,H3aB-C2,0,Glyphosate,1,7.334,55.356
H3,H3aB-,D2,H3aB-D2,0,Azoxystrobin,1,19.246,104.218
H3,H3aB-,E2,H3aB-E2,0,Acetone,1,38.539,158.173
H3,H3aB-,F2,H3aB-F2,0,1,1,2.943,99.5
H3,H3aB-,A3,H3aB-A3,0,Thiacloprid,1,4.531,96.557
H3,H3aB-,B3,H3aB-B3,0,Lambda-Cyhalothrin,1,28.122,118.046
H3,H3aB-,C3,H3aB-C3,0,Glyphosate,1,34.475,94.222
H3,H3aB-,D3,H3aB-D3,0,Azoxystrobin,1,11.725,62.41
H3,H3aB-,E3,H3aB-E3,0,Acetone,1,13.781,98.052
H3,H3aB-,F3,H3aB-F3,0,1,1,20.601,92.166
H3,H3aB-,A4,H3aB-A4,0,Thiacloprid,1,26.627,65.025
H3,H3aB-,B4,H3aB-B4,0,Lambda-Cyhalothrin,1,33.634,127.809
H3,H3aB-,C4,H3aB-C4,0,Glyphosate,1,43.911,119.307
H3,H3aB-,D4,H3aB-D4,0,Azoxystrobin,1,29.803,105.059
H3,H3aB-,E4,H3aB-E4,0,Acetone,1,10.277,88.943
H3,H3aB-,F4,H3aB-F4,0,1,1,2.196,105.853
H3,H3aB-,A5,H3aB-A5,0,Thiacloprid,1,14.014,59.186
H3,H3aB-,B5,H3aB-B5,0,Lambda-Cyhalothrin,1,17.284,87.121
H3,H3aB-,C5,H3aB-C5,0,Glyphosate,1,11.959,47.274
H3,H3aB-,D5,H3aB-D5,0,Azoxystrobin,1,38.679,277.76
H3,H3aB-,E5,H3aB-E5,0,Acetone,1,39.333,157.238
H3,H3aB-,F5,H3aB-F5,0,1,1,42.509,281.45
H3,H3aB-,A6,H3aB-A6,0,Thiacloprid,1,5.139,48.068
H3,H3aB-,B6,H3aB-B6,0,Lambda-Cyhalothrin,1,38.772,117.999
H3,H3aB-,C6,H3aB-C6,0,Glyphosate,1,17.985,76.33
H3,H3aB-,D6,H3aB-D6,0,Azoxystrobin,1,27.421,101.883
H3,H3aB-,E6,H3aB-E6,0,Acetone,1,37.511,205.587
H3,H3aB-,F6,H3aB-F6,0,1,1,57.318,326.249
H3,H3aB-,A7,H3aB-A7,0,Thiacloprid,1,22.142,119.447
H3,H3aB-,B7,H3aB-B7,0,Lambda-Cyhalothrin,1,8.689,39.8
H3,H3aB-,C7,H3aB-C7,0,Glyphosate,1,14.621,79.086
H3,H3aB-,D7,H3aB-D7,0,Azoxystrobin,1,12.986,56.57
H3,H3aB-,E7,H3aB-E7,0,Acetone,1,8.035,42.743
H3,H3aB-,F7,H3aB-F7,0,1,1,10.09,241.977
H3,H3aB-,A8,H3aB-A8,0,Thiacloprid,1,14.575,138.646
H3,H3aB-,B8,H3aB-B8,0,Lambda-Cyhalothrin,1,6.773,45.686
H3,H3aB-,C8,H3aB-C8,0,Glyphosate,1,25.693,99.453
H3,H3aB-,D8,H3aB-D8,0,Azoxystrobin,1,20.274,71.145
H3,H3aB-,E8,H3aB-E8,0,Acetone,1,5.606,76.937
H3,H3aB-,F8,H3aB-F8,0,1,1,16.677,135.143
H3,H3bB+,A1,H3bB+A1,1,Thiacloprid,1,32.232,136.311
H3,H3bB+,B1,H3bB+B1,1,Lambda-Cyhalothrin,1,15.556,147.802
H3,H3bB+,C1,H3bB+C1,1,Glyphosate,1,7.521,90.905
H3,H3bB+,D1,H3bB+D1,1,Azoxystrobin,1,8.128,151.866
H3,H3bB+,E1,H3bB+E1,1,Acetone,1,6.4,140.935
H3,H3bB+,F1,H3bB+F1,1,1,1,19.573,138.086
H3,H3bB+,A2,H3bB+A2,1,Thiacloprid,1,14.621,139.954
H3,H3bB+,B2,H3bB+B2,1,Lambda-Cyhalothrin,1,9.81,194.89
H3,H3bB+,C2,H3bB+C2,1,Glyphosate,1,11.725,86.607
H3,H3bB+,D2,H3bB+D2,1,Azoxystrobin,1,18.405,105.339
H3,H3bB+,E2,H3bB+E2,1,Acetone,1,15.042,23.777
H3,H3bB+,F2,H3bB+F2,1,1,1,8.408,196.805
H3,H3bB+,A3,H3bB+A3,1,Thiacloprid,1,3.831,117.952
H3,H3bB+,B3,H3bB+B3,1,Lambda-Cyhalothrin,1,6.54,71.659
H3,H3bB+,C3,H3bB+C3,1,Glyphosate,1,11.585,22.142
H3,H3bB+,D3,H3bB+D3,1,Azoxystrobin,1,17.471,94.081
H3,H3bB+,E3,H3bB+E3,1,Acetone,1,2.569,73.294
H3,H3bB+,F3,H3bB+F3,1,1,1,7.427,273.602
H3,H3bB+,A4,H3bB+A4,1,Thiacloprid,1,12.099,115.57
H3,H3bB+,B4,H3bB+B4,1,Lambda-Cyhalothrin,1,8.502,102.163
H3,H3bB+,C4,H3bB+C4,1,Glyphosate,1,9.903,278.507
H3,H3bB+,D4,H3bB+D4,1,Azoxystrobin,1,18.872,143.738
H3,H3bB+,E4,H3bB+E4,1,Acetone,1,16.864,119.867
H3,H3bB+,F4,H3bB+F4,1,1,1,7.147,224.179
H3,H3bB+,A5,H3bB+A5,1,Thiacloprid,1,13.967,43.257
H3,H3bB+,B5,H3bB+B5,1,Lambda-Cyhalothrin,1,12.332,66.053
H3,H3bB+,C5,H3bB+C5,1,Glyphosate,1,29.056,112.907
H3,H3bB+,D5,H3bB+D5,1,Azoxystrobin,1,14.201,68.295
H3,H3bB+,E5,H3bB+E5,1,Acetone,1,10.838,58.579
H3,H3bB+,F5,H3bB+F5,1,1,1,21.395,78.339
H3,H3bB+,A6,H3bB+A6,1,Thiacloprid,1,14.435,24.478
H3,H3bB+,B6,H3bB+B6,1,Lambda-Cyhalothrin,1,4.671,90.251
H3,H3bB+,C6,H3bB+C6,1,Glyphosate,1,11.538,86.093
H3,H3bB+,D6,H3bB+D6,1,Azoxystrobin,1,10.043,69.323
H3,H3bB+,E6,H3bB+E6,1,Acetone,1,12.099,76.61
H3,H3bB+,F6,H3bB+F6,1,1,1,5.092,310.926
H3,H3bB+,A7,H3bB+A7,1,Thiacloprid,1,12.659,62.737
H3,H3bB+,B7,H3bB+B7,1,Lambda-Cyhalothrin,1,8.642,71.098
H3,H3bB+,C7,H3bB+C7,1,Glyphosate,1,18.125,75.583
H3,H3bB+,D7,H3bB+D7,1,Azoxystrobin,1,18.125,72.967
H3,H3bB+,E7,H3bB+E7,1,Acetone,1,15.602,90.484
H3,H3bB+,F7,H3bB+F7,1,1,1,20.694,85.626
H3,H3bB+,A8,H3bB+A8,1,Thiacloprid,1,14.061,17.004
H3,H3bB+,B8,H3bB+B8,1,Lambda-Cyhalothrin,1,20.881,105.713
H3,H3bB+,C8,H3bB+C8,1,Glyphosate,1,27.094,129.07
H3,H3bB+,D8,H3bB+D8,1,Azoxystrobin,1,18.125,164.199
H3,H3bB+,E8,H3bB+E8,1,Acetone,1,11.959,75.443
H3,H3bB+,F8,H3bB+F8,1,1,1,6.306,307.189
H3,H3bB-,A1,H3bB-A1,0,Thiacloprid,1,5.232,58.672
H3,H3bB-,B1,H3bB-B1,0,Lambda-Cyhalothrin,1,22.656,34.615
H3,H3bB-,C1,H3bB-C1,0,Glyphosate,1,3.177,38.212
H3,H3bB-,D1,H3bB-D1,0,Azoxystrobin,1,26.066,29.43
H3,H3bB-,E1,H3bB-E1,0,Acetone,1,5.512,128.089
H3,H3bB-,F1,H3bB-F1,0,1,1,10.511,114.869
H3,H3bB-,A2,H3bB-A2,0,Thiacloprid,1,13.454,193.161
H3,H3bB-,B2,H3bB-B2,0,Lambda-Cyhalothrin,1,29.523,63.344
H3,H3bB-,C2,H3bB-C2,0,Glyphosate,1,35.596,116.971
H3,H3bB-,D2,H3bB-D2,0,Azoxystrobin,1,2.382,37.371
H3,H3bB-,E2,H3bB-E2,0,Acetone,1,20.087,156.117
H3,H3bB-,F2,H3bB-F2,0,1,1,24.945,107.068
H3,H3bB-,A3,H3bB-A3,0,Thiacloprid,1,11.258,30.411
H3,H3bB-,B3,H3bB-B3,0,Lambda-Cyhalothrin,1,19.059,66.847
H3,H3bB-,C3,H3bB-C3,0,Glyphosate,1,19.713,70.911
H3,H3bB-,D3,H3bB-D3,0,Azoxystrobin,1,6.119,7.287
H3,H3bB-,E3,H3bB-E3,0,Acetone,1,6.213,88.522
H3,H3bB-,F3,H3bB-F3,0,1,1,11.305,240.716
H3,H3bB-,A4,H3bB-A4,0,Thiacloprid,1,15.089,29.523
H3,H3bB-,B4,H3bB-B4,0,Lambda-Cyhalothrin,1,9.903,150.138
H3,H3bB-,C4,H3bB-C4,0,Glyphosate,1,26.487,27.328
H3,H3bB-,D4,H3bB-D4,0,Azoxystrobin,1,7.708,68.576
H3,H3bB-,E4,H3bB-E4,0,Acetone,1,7.054,140.795
H3,H3bB-,F4,H3bB-F4,0,1,1,7.614,410.567
H3,H3bB-,A5,H3bB-A5,0,Thiacloprid,1,8.642,67.595
H3,H3bB-,B5,H3bB-B5,0,Lambda-Cyhalothrin,1,13.127,73.107
H3,H3bB-,C5,H3bB-C5,0,Glyphosate,1,20.834,53.207
H3,H3bB-,D5,H3bB-D5,0,Azoxystrobin,1,7.988,27.701
H3,H3bB-,E5,H3bB-E5,0,Acetone,1,7.708,48.769
H3,H3bB-,F5,H3bB-F5,0,1,1,25.085,88.476
H3,H3bB-,A6,H3bB-A6,0,Thiacloprid,1,19.573,89.644
H3,H3bB-,B6,H3bB-B6,0,Lambda-Cyhalothrin,1,10.184,29.616
H3,H3bB-,C6,H3bB-C6,0,Glyphosate,1,21.582,51.899
H3,H3bB-,D6,H3bB-D6,0,Azoxystrobin,1,3.971,45.92
H3,H3bB-,E6,H3bB-E6,0,Acetone,1,13.5,15.322
H3,H3bB-,F6,H3bB-F6,0,1,1,7.708,177.559
H3,H3bB-,A7,H3bB-A7,0,Thiacloprid,1,9.062,37.464
H3,H3bB-,B7,H3bB-B7,0,Lambda-Cyhalothrin,1,31.999,56.477
H3,H3bB-,C7,H3bB-C7,0,Glyphosate,1,9.716,35.362
H3,H3bB-,D7,H3bB-D7,0,Azoxystrobin,1,4.812,45.593
H3,H3bB-,E7,H3bB-E7,0,Acetone,1,38.913,106.134
H3,H3bB-,F7,H3bB-F7,0,1,1,20.461,420.283
H3,H3bB-,A8,H3bB-A8,0,Thiacloprid,1,20.741,72.827
H3,H3bB-,B8,H3bB-B8,0,Lambda-Cyhalothrin,1,38.399,102.864
H3,H3bB-,C8,H3bB-C8,0,Glyphosate,1,5.933,52.693
H3,H3bB-,D8,H3bB-D8,0,Azoxystrobin,1,16.07,44.191
H3,H3bB-,E8,H3bB-E8,0,Acetone,1,19.993,76.704
H3,H3bB-,F8,H3bB-F8,0,1,1,7.147,36.577
